geo,country,year,house_price_index,inflation,earning,price_to_income_ratio,real_hpi,price_to_real_income_ratio,hpi_growth,income_growth,region
AT,Austria,2011,81.6,1.83363691560413,26375.67,0.0,80.13069401383258,1.02,,,West Europe
BE,Belgium,2011,95.61,1.80715115528592,25519.86,0.0,93.91285279573982,1.02,,,West Europe
BG,Bulgaria,2011,99.98,5.94192221843491,3396.45,0.03,94.37246172847195,1.06,,,East Europe
DE,Germany,2011,86.8,1.07993704889563,26088.04,0.0,85.87262965746805,1.01,,,West Europe
EE,Estonia,2011,69.32,5.39959624747656,8324.26,0.01,65.76875288709621,1.05,,,
ES,Spain,2011,124.27,-0.0201170814138388,19891.57,0.01,124.29500452725408,1.0,,,South Europe
FI,Finland,2011,96.87,2.62359670035704,28421.92,0.0,94.39349537011792,1.03,,,North Europe
FR,France,2011,105.46,0.948142014284232,25576.25,0.0,104.46948095892377,1.01,,,West Europe
HU,Hungary,2011,90.45,1.92756405098791,6146.32,0.01,88.73948950134195,1.02,,,East Europe
IE,Ireland,2011,87.86,1.31597238311477,31159.23,0.0,86.71880448204895,1.01,,,
IS,Iceland,2011,75.36,3.09740900233359,24971.24,0.0,73.09592038175687,1.03,,,North Europe
IT,Italy,2011,119.7,1.60722827531225,19983.62,0.01,117.80657934656386,1.02,,,South Europe
LT,Lithuania,2011,89.77,5.34977603273792,5401.3,0.02,85.21138191324067,1.05,,,
LU,Luxembourg,2011,83.09,4.774,36278.25,0.0,79.30402580792946,1.05,,,
LV,Latvia,2011,88.73,6.37336042648889,5286.45,0.02,83.41374160245542,1.06,,,
MT,Malta,2011,89.8,1.12390162845077,15642.97,0.01,88.80195339964529,1.01,,,
NL,Netherlands,2011,109.19,0.194481711439058,31612.2,0.0,108.97805760847001,1.0,,,West Europe
NO,Norway,2011,81.95,6.71633706864385,44490.18,0.0,76.79236586548765,1.07,,,North Europe
PL,Poland,2011,105.7,3.27142026989216,7085.75,0.01,102.3516474584749,1.03,,,East Europe
PT,Portugal,2011,102.09,-0.265387146769708,12008.16,0.01,102.36165467472753,1.0,,,South Europe
SE,Sweden,2011,75.87,1.08898641393155,31319.63,0.0,75.05268644136291,1.01,,,North Europe
SI,Slovenia,2011,120.39,1.04000000000001,11567.85,0.01,119.15083135391922,1.01,,,
AT,Austria,2012,87.57,2.05428961689397,26893.06,0.0,85.80727015859188,1.02,7.316176470588243,1.9616184157596805,West Europe
BE,Belgium,2012,97.75,1.96103292337601,26287.51,0.0,95.8699585492228,1.02,2.2382595962765484,3.008049417198988,West Europe
BG,Bulgaria,2012,98.07,1.52670963456529,3598.45,0.03,96.5952706957535,1.02,-1.9103820764152957,5.947386241516872,East Europe
DE,Germany,2012,89.8,1.48824224202728,26729.62,0.0,88.48315629099834,1.01,3.4562211981566726,2.4592878575776522,West Europe
EE,Estonia,2012,74.37,4.02334463760605,8812.65,0.01,71.49356739017416,1.04,7.285054818234293,5.867068063707759,
ES,Spain,2012,105.9,-0.116702549347069,19975.06,0.01,106.02373239862212,1.0,-14.782328800193124,0.4197255420260948,South Europe
FI,Finland,2012,99.21,2.97315868116527,29246.92,0.0,96.34549553557241,1.03,2.4156085475379285,2.9026891920039155,North Europe
FR,France,2012,104.88,1.16174148432214,25978.92,0.0,103.67555803322554,1.01,-0.5499715531955274,1.574390303504214,West Europe
HU,Hungary,2012,87.1,2.89023207559936,6369.22,0.01,84.65332251948138,1.03,-3.703703703703709,3.6265602832263877,East Europe
IE,Ireland,2012,76.04,2.58289503773154,31541.73,0.0,74.12541825031487,1.03,-13.453221033462315,1.2275656362496834,
IS,Iceland,2012,80.57,3.44071217725093,27158.87,0.0,77.89002831103792,1.03,6.913481953290868,8.760598192160241,North Europe
IT,Italy,2012,116.7,1.54728153409982,20327.68,0.01,114.92183565821195,1.02,-2.506265664160401,1.7217100805559715,South Europe
LT,Lithuania,2012,89.56,2.73485071179608,5635.73,0.02,87.17587009616072,1.03,-0.23393115740224513,4.3402514209542,
LU,Luxembourg,2012,86.58,2.55597762803749,37354.34,0.0,84.42218776756133,1.03,4.200264773137552,2.966212537815349,
LV,Latvia,2012,91.36,3.59833444227425,5462.67,0.02,88.18674594706584,1.04,2.9640482362222498,3.3334279147632095,
MT,Malta,2012,92.54,2.14609698531127,15999.95,0.01,90.5957278165091,1.02,3.0512249443207295,2.28204746285392,
NL,Netherlands,2012,101.86,1.44799667843055,31732.71,0.0,100.40612267867193,1.01,-6.713068962359192,0.3812135820980389,West Europe
NO,Norway,2012,87.48,3.34307079775775,47783.08,0.0,84.65008763983629,1.03,6.748017083587565,7.401408580500246,North Europe
PL,Poland,2012,102.01,2.36125294375092,7235.5,0.01,99.65684970274452,1.02,-3.4910122989593173,2.113396605863871,East Europe
PT,Portugal,2012,94.87,-0.388496253405989,12253.01,0.01,95.24000384668811,1.0,-7.0721912038397505,2.039030126180874,South Europe
SE,Sweden,2012,76.83,1.00105069911903,33473.42,0.0,76.06851559284833,1.01,1.265322261763524,6.876805377330442,North Europe
SI,Slovenia,2012,112.09,0.479018210609654,11707.47,0.01,111.55562822583823,1.0,-6.8942603206246345,1.206965857959763,
AT,Austria,2013,92.1,1.62309726899012,27520.54,0.0,90.62900312535932,1.02,5.173004453579999,2.3332413641288907,West Europe
BE,Belgium,2013,98.9,1.27150259067358,26609.37,0.0,97.65827253471404,1.01,1.17647058823529,1.2243837472624808,West Europe
BG,Bulgaria,2013,95.92,-0.668561264337262,3798.06,0.03,96.56560019759591,0.99,-2.192311614153153,5.547110561491753,East Europe
DE,Germany,2013,92.6,1.96474670955182,27171.02,0.0,90.8157014931568,1.02,3.1180400890868487,1.6513515717769378,West Europe
EE,Estonia,2013,82.29,4.04319383069059,9445.7,0.01,79.09215102903364,1.04,10.649455425574828,7.183423828246904,
ES,Spain,2013,96.24,0.399871074313577,20061.89,0.0,95.85669679671744,1.0,-9.121813031161485,0.43469206100006375,South Europe
FI,Finland,2013,100.35,2.55896963341912,29654.15,0.0,97.84614681552014,1.03,1.1490777139401276,1.3923859332880317,North Europe
FR,France,2013,102.93,0.777425272909715,26269.14,0.0,102.13596916299561,1.01,-1.85926773455376,1.1171365091389607,West Europe
HU,Hungary,2013,84.87,2.82548415734155,6475.08,0.01,82.53790458222748,1.03,-2.5602755453501658,1.6620559503361498,East Europe
IE,Ireland,2013,76.99,0.891672889800389,31531.28,0.0,76.30956826743555,1.01,1.2493424513413842,-0.033130712868323364,
IS,Iceland,2013,85.21,2.12389180897381,29098.7,0.0,83.437869915287,1.02,5.75896735757726,7.142528389435943,North Europe
IT,Italy,2013,109.1,1.14767271753241,20656.6,0.01,107.8620961499287,1.01,-6.512425021422463,1.618089226119257,South Europe
LT,Lithuania,2013,90.65,1.2804398254596,5954.89,0.02,89.50395570578146,1.01,1.2170611880303772,5.6631527770138135,
LU,Luxembourg,2013,90.89,1.69564084428396,37792.02,0.0,89.37452898219156,1.02,4.978054978054991,1.1716978535827538,
LV,Latvia,2013,97.62,1.63774796705858,5776.88,0.02,96.04699233560277,1.02,6.852014010507879,5.751949138424983,
MT,Malta,2013,92.16,2.27617130776592,16306.0,0.01,90.10896557974908,1.02,-0.4106332396801471,1.9128184775577317,
NL,Netherlands,2013,95.75,1.2758991149537,32992.17,0.0,94.54371754460408,1.01,-5.998429216571766,3.9689645164248555,West Europe
NO,Norway,2013,91.24,2.55497953615279,47595.99,0.0,88.96691356448078,1.03,4.298125285779597,-0.39154026906595973,North Europe
PL,Poland,2013,97.54,0.294201482205393,7466.23,0.01,97.25387765045015,1.0,-4.381923340848937,3.188860479579847,East Europe
PT,Portugal,2013,93.09,2.24924401893424,11729.3,0.01,91.04223790912512,1.02,-1.8762517128702472,-4.274133457819762,South Europe
SE,Sweden,2013,80.79,0.927111436279673,34473.44,0.0,80.04786706989704,1.01,5.154236626317865,2.9875047126944443,North Europe
SI,Slovenia,2013,106.21,1.60060675308302,11824.18,0.01,104.53677728334738,1.02,-5.245784637344997,0.9968848948577413,
AT,Austria,2014,95.33,2.17625354085441,27965.34,0.0,93.29956491493694,1.02,3.507057546145509,1.6162473556114776,West Europe
BE,Belgium,2014,98.35,0.982328322776708,26775.94,0.0,97.39327824333498,1.01,-0.5561172901921263,0.6259825016526221,West Europe
BG,Bulgaria,2014,97.29,0.461057138152471,4033.73,0.02,96.84349614817243,1.0,1.4282735613010855,6.205009926120186,East Europe
DE,Germany,2014,95.5,1.8698183101076,27791.42,0.0,93.74709956709957,1.02,3.1317494600431983,2.283315090857818,West Europe
EE,Estonia,2014,93.58,2.9491677163469,9914.95,0.01,90.89922927579025,1.03,13.719771539676739,4.967868977418299,
ES,Spain,2014,96.54,-0.220708474202188,20169.47,0.0,96.75354326908577,1.0,0.31172069825438076,0.5362406034526312,South Europe
FI,Finland,2014,100.0,1.63174255646553,29641.38,0.0,98.39445579164507,1.02,-0.34877927254608476,-0.0430631125828973,North Europe
FR,France,2014,101.36,0.577313781103532,26578.46,0.0,100.77819360000001,1.01,-1.525308462061603,1.1775033366147492,West Europe
HU,Hungary,2014,88.43,3.70607233076456,6478.42,0.01,85.26983812284163,1.04,4.194650642158604,0.05158237427183021,East Europe
IE,Ireland,2014,89.72,0.0386659154431629,31687.39,0.0,89.68532234909556,1.0,16.534614885050015,0.49509566373455716,
IS,Iceland,2014,92.39,4.14177002683867,32941.08,0.0,88.71560371615531,1.04,8.426241051519789,13.204644881042803,North Europe
IT,Italy,2014,104.0,0.913628030148698,20930.61,0.0,103.05842930246173,1.01,-4.674610449129235,1.326500973054623,South Europe
LT,Lithuania,2014,96.47,0.833417414993449,6284.47,0.02,95.6726474943964,1.01,6.420297848869261,5.5346110507498825,
LU,Luxembourg,2014,94.88,2.73532587806798,38443.48,0.0,92.35382200725083,1.03,4.389921883595549,1.72380306742006,
LV,Latvia,2014,103.48,1.91711851278079,6264.34,0.02,101.53348280448415,1.02,6.0028682646998455,8.43811884615917,
MT,Malta,2014,94.51,2.342729170254,16010.0,0.01,92.3465699676391,1.02,2.549913194444464,-1.8152827180179076,
NL,Netherlands,2014,96.53,0.25257117455699,33723.85,0.0,96.28680727990971,1.0,0.8146214099216786,2.217738330034069,West Europe
NO,Norway,2014,93.74,0.290530617457389,45903.97,0.0,93.4684455480215,1.0,2.7400263042525186,-3.5549633488031196,North Europe
PL,Poland,2014,98.5,0.521716182336756,7991.17,0.01,97.98877669510779,1.01,0.9842116054951777,7.030857608190488,East Europe
PT,Portugal,2014,97.04,0.704343100781682,11663.77,0.01,96.36128593072245,1.01,4.243205500053704,-0.5586863666203312,South Europe
SE,Sweden,2014,88.4,1.74431116698947,33923.28,0.0,86.88446458191858,1.02,9.419482609233821,-1.5958952747390565,North Europe
SI,Slovenia,2014,99.2,0.455651533218935,11980.57,0.01,98.75004391086577,1.0,-6.600131814330091,1.3226287150567728,
AT,Austria,2015,100.0,2.30074372640689,28524.14,0.0,97.75099999999999,1.02,4.898772684359587,1.998187756701686,West Europe
BE,Belgium,2015,100.0,1.33046905874128,26953.59,0.0,98.687,1.01,1.6776817488561413,0.6634687708442888,West Europe
BG,Bulgaria,2015,100.0,2.44222258646124,4339.15,0.02,97.616,1.02,2.7854866892794705,7.571652044137789,East Europe
DE,Germany,2015,100.0,1.85892538833716,28410.71,0.0,98.175,1.02,4.712041884816753,2.2283496129380964,West Europe
EE,Estonia,2015,100.0,1.11836916294213,10638.42,0.01,98.89400000000002,1.01,6.86044026501389,7.296758934739955,
ES,Spain,2015,100.0,0.543942730170218,20844.88,0.0,99.459,1.01,3.584006629376413,3.3486750023674405,South Europe
FI,Finland,2015,100.0,1.61672204778018,29918.29,0.0,98.409,1.02,0.0,0.934200769329907,North Europe
FR,France,2015,100.0,1.13800000000001,26958.75,0.0,98.87480472226066,1.01,-1.3417521704814472,1.4308202958335459,West Europe
HU,Hungary,2015,100.0,2.77914816641999,6703.57,0.01,97.29599999999999,1.03,13.083795092163285,3.4753844301542713,East Europe
IE,Ireland,2015,100.0,7.80860039313559,32344.52,0.0,92.75697823303456,1.08,11.457868925546144,2.073790236431594,
IS,Iceland,2015,100.0,6.05466057205884,37027.37,0.0,94.29100000000001,1.06,8.236822166901181,12.404845257046837,North Europe
IT,Italy,2015,100.0,0.931598655591108,21051.62,0.0,99.077,1.01,-3.8461538461538436,0.5781484629449274,South Europe
LT,Lithuania,2015,100.0,0.0640409862311809,6651.85,0.02,99.936,1.0,3.659168653467404,5.845839028589528,
LU,Luxembourg,2015,100.0,0.185279210425517,38630.79,0.0,99.81506343857527,1.0,5.396290050590213,0.48723476646754804,
LV,Latvia,2015,100.0,0.00300009000270019,6814.57,0.01,99.99700000000001,1.0,-3.362968689601864,8.783527075478027,
MT,Malta,2015,100.0,4.22011821696327,16337.95,0.01,95.9507643157937,1.04,5.808909110147065,2.048407245471595,
NL,Netherlands,2015,100.0,0.773943889068043,34551.5,0.0,99.232,1.01,3.5947373873407296,2.4541978451452007,West Europe
NO,Norway,2015,100.0,-2.85444455055762,44451.46,0.0,102.93831718533244,0.97,6.6780456582035574,-3.164236121625219,North Europe
PL,Poland,2015,100.0,0.974402988842332,8275.99,0.01,99.035,1.01,1.522842639593902,3.564183968054735,East Europe
PT,Portugal,2015,100.0,2.01938443019322,11535.88,0.01,98.02058751729189,1.02,3.0502885408079106,-1.0964722383929093,South Europe
SE,Sweden,2015,100.0,2.12185645741259,33389.85,0.0,97.92223082205967,1.02,13.122171945701355,-1.572459974389273,North Europe
SI,Slovenia,2015,100.0,1.00560707978267,12062.45,0.01,99.00440469706957,1.01,0.8064516129032251,0.6834399364971766,
AT,Austria,2016,108.53,1.848,30601.53,0.0,106.560757206818,1.02,8.529999999999994,7.282918959169327,West Europe
BE,Belgium,2016,102.64,1.92100000000001,27574.37,0.0,100.7054483374378,1.02,2.639999999999998,2.303144033874527,West Europe
BG,Bulgaria,2016,107.02,2.538,4689.05,0.02,104.3710624353898,1.03,7.020000000000004,8.063791295530255,East Europe
DE,Germany,2016,107.5,1.328,28986.32,0.0,106.09111005842414,1.01,7.499999999999996,2.0260317323995025,West Europe
EE,Estonia,2016,104.75,2.27,11454.71,0.01,102.42495355431701,1.02,4.75000000000001,7.673037913524738,
ES,Spain,2016,104.62,0.326999999999998,20827.52,0.01,104.27900764500086,1.0,4.620000000000002,-0.08328184187196275,South Europe
FI,Finland,2016,101.29,0.0870000000000033,30306.38,0.0,101.20195429975922,1.0,1.2900000000000134,1.2971663821695678,North Europe
FR,France,2016,101.04,0.523047716980755,26880.7,0.0,100.51426244504118,1.01,1.0399999999999965,-0.28951639078220737,West Europe
HU,Hungary,2016,113.38,1.352,7138.72,0.02,111.86755071434209,1.01,13.379999999999992,6.491317313013822,East Europe
IE,Ireland,2016,107.46,0.7180537772087,33346.95,0.0,106.69388056058418,1.01,7.46,3.0992267005353513,
IS,Iceland,2016,109.77,2.261,44042.96,0.0,107.34297532783759,1.02,9.769999999999989,18.947038366484016,North Europe
IT,Italy,2016,100.3,1.134,21092.75,0.0,99.17535151383314,1.01,0.29999999999998916,0.19537688785946639,South Europe
LT,Lithuania,2016,105.4,1.57599999999999,7217.25,0.01,103.76466881940617,1.02,5.400000000000005,8.49989100776476,
LU,Luxembourg,2016,106.01,0.770865378630927,38935.73,0.0,105.19905689177504,1.01,6.010000000000004,0.7893703442254374,
LV,Latvia,2016,108.49,0.861000000000004,7212.23,0.02,107.56387503594054,1.01,8.489999999999998,5.835437892632989,
MT,Malta,2016,105.45,1.46997601841692,16926.2,0.01,103.922366139971,1.01,5.449999999999999,3.600512916247145,
NL,Netherlands,2016,105.02,0.454999999999998,34975.7,0.0,104.54432332885371,1.0,5.020000000000002,1.2277325152308727,West Europe
NO,Norway,2016,107.88,-1.4746201487728,43662.09,0.0,109.4946298739454,0.99,7.879999999999998,-1.7758021896243759,North Europe
PL,Poland,2016,101.86,0.311999999999998,8200.43,0.01,101.54318526198261,1.0,1.859999999999995,-0.9130025531688624,East Europe
PT,Portugal,2016,107.12,1.71698266742616,11704.24,0.01,105.31181439999999,1.02,7.120000000000015,1.4594465268362722,South Europe
SE,Sweden,2016,108.24,1.52507821612724,33711.94,0.0,106.61405231284628,1.02,8.240000000000002,0.9646344622692427,North Europe
SI,Slovenia,2016,103.25,0.873295687983109,12202.35,0.01,102.35612834477858,1.01,3.2499999999999973,1.1597975535649896,
AT,Austria,2017,114.26,0.861087110203436,31083.14,0.0,113.28452158676079,1.01,5.279646180779518,1.5738101983789665,West Europe
BE,Belgium,2017,106.37,1.82788630409827,28238.77,0.0,104.46057937639713,1.02,3.6340607950116954,2.4094838794141094,West Europe
BG,Bulgaria,2017,116.3,3.9419532270963,5132.74,0.02,111.88937324075812,1.04,8.671276396935145,9.462257813416365,East Europe
DE,Germany,2017,114.1,1.35105795041844,29468.63,0.0,112.57899257037694,1.01,6.139534883720921,1.6639228436034603,West Europe
EE,Estonia,2017,110.51,3.11234966265768,12233.44,0.01,107.17435919319507,1.03,5.498806682577562,6.7983388492594,
ES,Spain,2017,111.1,1.29576285546263,20948.65,0.01,109.67882255699766,1.01,6.193844389218106,0.581586285837199,South Europe
FI,Finland,2017,102.39,0.81928722011849,30805.85,0.0,101.55794870524346,1.01,1.0859907197156682,1.6480688224723483,North Europe
FR,France,2017,104.24,0.521309766197489,27022.48,0.0,103.69940487489848,1.01,3.1670625494853333,0.5274416216839439,West Europe
HU,Hungary,2017,127.24,3.98808114294735,8023.72,0.02,122.36017686016281,1.04,12.224378197212914,12.397180446914845,East Europe
IE,Ireland,2017,119.14,1.03634847344548,33976.58,0.0,117.91795903165736,1.01,10.869160617904349,1.8881187035096225,
IS,Iceland,2017,131.2,0.936818532969557,50456.07,0.0,129.98230170801887,1.01,19.522638243600255,14.5610331367374,North Europe
IT,Italy,2017,99.2,0.726758557952815,21138.65,0.0,98.4842572323278,1.01,-1.0967098703888234,0.21761031634093264,South Europe
LT,Lithuania,2017,114.8,4.24312829802316,7897.69,0.01,110.12716317549062,1.04,8.918406072106254,9.427967716235397,
LU,Luxembourg,2017,111.96,1.71610580740794,41340.39,0.0,110.07106407709722,1.02,5.612678049240616,6.175972557853671,
LV,Latvia,2017,118.01,2.97042464381673,7772.59,0.02,114.605723350376,1.03,8.775002304359859,7.769580282381461,
MT,Malta,2017,111.03,2.23723386581398,17305.15,0.01,108.60035605592235,1.02,5.291607396870557,2.2388368328390307,
NL,Netherlands,2017,112.93,1.26026579065254,35426.38,0.0,111.52449494204735,1.01,7.5318986859646,1.28855176594036,West Europe
NO,Norway,2017,113.75,3.95126331777515,44443.89,0.0,109.42627955590157,1.04,5.4412309974045225,1.7905693474590922,North Europe
PL,Poland,2017,105.78,1.85919929818966,8975.57,0.01,103.84923573798409,1.02,3.8484193991753513,9.452431153000497,East Europe
PT,Portugal,2017,117.02,1.512,11938.3,0.01,115.27701158483725,1.02,9.2419716206124,1.9997881109751647,South Europe
SE,Sweden,2017,115.43,2.13567839195979,33923.05,0.0,113.01633456334565,1.02,6.642645971914285,0.6262172986781556,North Europe
SI,Slovenia,2017,111.79,1.4804641250296,12487.25,0.01,110.15913354738748,1.01,8.271186440677969,2.334796166312225,
AT,Austria,2018,119.64,1.71331224142128,31640.93,0.0,117.62472125185433,1.02,4.708559425870806,1.7945098210798482,West Europe
BE,Belgium,2018,109.42,1.62549140522624,29240.96,0.0,107.6698360686824,1.02,2.8673498166776223,3.5489860216999514,West Europe
BG,Bulgaria,2018,123.96,4.01294802026647,5447.1,0.02,119.17747007405937,1.04,6.586414445399824,6.124604012671608,East Europe
DE,Germany,2018,121.7,1.67288236267856,30419.87,0.0,119.69759996169134,1.02,6.6608238387379615,3.227974968636138,West Europe
EE,Estonia,2018,117.07,4.18100954927787,13437.69,0.01,112.37172734885584,1.04,5.936114378789248,9.843919617049668,
ES,Spain,2018,118.58,1.18866049376642,21198.42,0.01,117.18704390528517,1.01,6.732673267326739,1.1922964009613901,South Europe
FI,Finland,2018,103.34,1.93148146312941,31400.22,0.0,101.38182877031969,1.02,0.9278249829084873,1.9294062653684385,North Europe
FR,France,2018,107.29,0.954039746763598,27662.94,0.0,106.27608391811732,1.01,2.9259401381427574,2.3701007457494594,West Europe
HU,Hungary,2018,145.5,4.81905990853369,8586.94,0.02,138.8106324622306,1.05,14.350833071361201,7.019437368203274,East Europe
IE,Ireland,2018,131.33,0.504303185867437,35126.52,0.0,130.6710218736855,1.01,10.231660231660245,3.3845077991957906,
IS,Iceland,2018,142.01,2.65939410379872,48794.28,0.0,138.33122749235588,1.03,8.239329268292694,-3.2935383195718537,North Europe
IT,Italy,2018,98.6,1.06214844555262,21294.82,0.0,97.56372837563501,1.01,-0.6048387096774244,0.7387889008995341,South Europe
LT,Lithuania,2018,123.18,3.52926732523658,8690.66,0.01,118.9808478147834,1.04,7.299651567944254,10.040530838764239,
LU,Luxembourg,2018,119.86,2.51207897088036,42063.48,0.0,116.92280675923811,1.03,7.056091461236158,1.749112671651143,
LV,Latvia,2018,129.3,3.90440702119261,8474.82,0.02,124.44130495218326,1.04,9.566985848656895,9.034697571851847,
MT,Malta,2018,117.45,2.04739393168398,17890.15,0.01,115.09358100671082,1.02,5.782221021345579,3.380496557383217,
NL,Netherlands,2018,123.61,2.43705822789788,35838.18,0.0,120.66922082533588,1.02,9.457185867351448,1.1624106103982568,West Europe
NO,Norway,2018,115.53,6.65187760630525,44692.89,0.0,108.3243939,1.07,1.5648351648351655,0.5602569892059428,North Europe
PL,Poland,2018,112.74,1.20183602963484,9618.59,0.01,111.40114095063102,1.01,6.57969370391378,7.164113254088611,East Europe
PT,Portugal,2018,129.03,1.81259358499488,12401.75,0.01,126.73284851768712,1.02,10.263202871304046,3.8820435070319848,South Europe
SE,Sweden,2018,114.35,2.39694704639354,32688.36,0.0,111.67325130132133,1.02,-0.9356319847526717,-3.6396786255952884,North Europe
SI,Slovenia,2018,121.55,2.15516436745132,12902.38,0.01,118.985663380449,1.02,8.730655693711409,3.324430919537913,
AT,Austria,2019,126.6,1.72656362157248,32325.12,0.0,124.45126965161022,1.02,5.817452357071207,2.162357427547157,West Europe
BE,Belgium,2019,113.78,1.65543135079784,30188.71,0.0,111.92712331066903,1.02,3.984646316943885,3.241172656438085,West Europe
BG,Bulgaria,2019,131.42,5.25000676547264,6093.02,0.02,124.86460004970985,1.05,6.018070345272664,11.858052908887306,East Europe
DE,Germany,2019,128.7,2.19221376239045,31486.26,0.0,125.93914473684211,1.02,5.751848808545601,3.5055705366262124,West Europe
EE,Estonia,2019,125.27,3.22677540914966,14169.6,0.01,121.35417337554118,1.03,7.004356367984976,5.4466950792881885,
ES,Spain,2019,124.71,1.38571498030827,21481.84,0.01,123.00549443698445,1.01,5.169505818856468,1.3369864357815509,South Europe
FI,Finland,2019,103.77,1.51668351870577,32135.14,0.0,102.2196513944223,1.02,0.41610218695566914,2.340493155780421,North Europe
FR,France,2019,110.86,1.22610785872136,28153.78,0.0,109.51720099198559,1.01,3.3274303290148133,1.7743594860126999,West Europe
HU,Hungary,2019,170.17,4.81475111565722,9390.54,0.02,162.35310220049743,1.05,16.955326460481103,9.358397752866576,East Europe
IE,Ireland,2019,134.41,2.6380626164293,38252.2,0.0,130.95531674473068,1.03,2.345237188761118,8.89834802878282,
IS,Iceland,2019,148.3,4.53455890679854,47254.37,0.0,141.86695916727604,1.05,4.429265544679972,-3.1559231942760446,North Europe
IT,Italy,2019,98.5,0.804266107177204,21500.18,0.0,97.71411846327291,1.01,-0.10141987829613841,0.9643659819618122,South Europe
LT,Lithuania,2019,131.61,2.80689271412021,9794.92,0.01,128.01670834072763,1.03,6.843643448611791,12.706284678033652,
LU,Luxembourg,2019,131.99,3.39146548879242,42650.77,0.0,127.6604402268654,1.03,10.120140163524116,1.396199268343934,
LV,Latvia,2019,140.88,2.31299577433464,9144.05,0.02,137.69511774509095,1.02,8.95591647331786,7.896686891284999,
MT,Malta,2019,124.65,2.17116442813594,19107.19,0.01,122.00115433515978,1.02,6.130268199233724,6.80284961277573,
NL,Netherlands,2019,132.62,2.957773512476,37402.24,0.0,128.81008929736583,1.03,7.289054283634022,4.3642283173978,West Europe
NO,Norway,2019,120.18,-0.438000000000002,45219.15,0.0,120.70870412406342,1.0,4.0249285899766285,1.1775027303000618,North Europe
PL,Poland,2019,122.52,3.14878390793482,10225.78,0.01,118.779878306035,1.03,8.674827035657273,6.31267160779283,East Europe
PT,Portugal,2019,141.88,1.73968573418995,12823.4,0.01,139.45393970518307,1.02,9.958924281174909,3.399923397907556,South Europe
SE,Sweden,2019,117.19,2.66835042761368,32427.59,0.0,114.1442319,1.03,2.4836029733275033,-0.7977457419093503,North Europe
SI,Slovenia,2019,129.69,2.26045483201915,13298.17,0.01,126.82321843085748,1.02,6.696832579185519,3.067573579448135,
AT,Austria,2020,136.31,1.12711569400408,33032.37,0.0,134.79075227701955,1.01,7.669826224328591,2.1879269125683276,West Europe
BE,Belgium,2020,118.6,0.88885158137236,30539.81,0.0,117.55510954978276,1.01,4.2362453858322935,1.1630175651758723,West Europe
BG,Bulgaria,2020,137.41,2.01924972359591,6612.77,0.02,134.69026715280637,1.02,4.557905950388075,8.530252649753333,East Europe
DE,Germany,2020,138.7,1.59506672664569,31292.95,0.0,136.52237699020347,1.02,7.770007770007781,-0.6139503389732459,West Europe
EE,Estonia,2020,132.79,-0.444417011295591,14444.62,0.01,133.38277574555147,1.0,6.003033447752859,1.9409157633243135,
ES,Spain,2020,127.5,1.05313638979474,20632.83,0.01,126.17124470851763,1.01,2.237190281452972,-3.9522219698126304,South Europe
FI,Finland,2020,105.6,1.63959546429666,33191.98,0.0,103.89651741293531,1.02,1.763515466897947,3.2887362557001643,North Europe
FR,France,2020,116.62,2.24537280848741,27472.33,0.0,114.05895132138377,1.02,5.195742377773782,-2.4204565070835904,West Europe
HU,Hungary,2020,178.58,5.42265441481276,9549.21,0.02,169.39433084024873,1.05,4.942116706822608,1.6896791877783146,East Europe
IE,Ireland,2020,134.82,0.617681498829036,38842.71,0.0,133.9923540193768,1.01,0.30503682761700013,1.5437282038680111,
IS,Iceland,2020,157.79,3.44590995675685,44185.83,0.0,152.5338218456007,1.03,6.399190829399859,-6.493663972242148,North Europe
IT,Italy,2020,100.4,1.19581032771563,22507.69,0.0,99.21359360121882,1.01,1.9289340101522834,4.686053791177547,South Europe
LT,Lithuania,2020,141.18,0.823425022182784,10787.57,0.01,140.02698278593306,1.01,7.271483929792555,10.134334940969403,
LU,Luxembourg,2020,151.12,2.33085352778937,44374.32,0.0,147.67784572319752,1.02,14.493522236533064,4.04107592899261,
LV,Latvia,2020,145.77,0.0525324251865741,9786.84,0.01,145.69346369018524,1.0,3.471039182282798,7.029598482073052,
MT,Malta,2020,128.86,0.916976000588045,19652.9,0.01,127.68912140138755,1.01,3.377456879261942,2.856045289757425,
NL,Netherlands,2020,142.75,2.23523051397253,39142.87,0.0,139.62897064186726,1.02,7.63836525410948,4.653812178094152,West Europe
NO,Norway,2020,126.11,-3.74540487334525,42534.89,0.0,131.0171216595536,0.96,4.934265268763505,-5.936113350206718,North Europe
PL,Poland,2020,135.36,4.11865630361613,11376.35,0.01,130.0055194770112,1.04,10.479921645445668,11.251660020066922,East Europe
PT,Portugal,2020,154.33,2.52591535901093,12934.79,0.01,150.52779529896299,1.03,8.77502114462927,0.8686463808350364,South Europe
SE,Sweden,2020,122.11,1.39400000000001,33366.68,0.0,120.43118922224194,1.01,4.198310436044039,2.8959598909447104,North Europe
SI,Slovenia,2020,135.66,1.27232601567176,13896.79,0.01,133.95564744805682,1.01,4.603284755956505,4.501521637939665,
AT,Austria,2021,153.26,1.94340746030798,33712.2,0.0,150.33831399021295,1.02,12.434891057149144,2.058072127431343,West Europe
BE,Belgium,2021,127.06,2.92607611865446,31063.95,0.0,123.4478227398115,1.03,7.133220910623961,1.716251672816571,West Europe
BG,Bulgaria,2021,149.33,7.13268178883161,7456.68,0.02,139.38790433188558,1.07,8.674768939669608,12.76182295770154,East Europe
DE,Germany,2021,154.7,3.05760069776311,32850.2,0.0,150.11022860282617,1.03,11.535688536409516,4.97636049014234,West Europe
EE,Estonia,2021,152.78,5.99690607967075,15300.44,0.01,144.13628251108153,1.06,15.053844415995199,5.924835682766316,
ES,Spain,2021,132.19,2.30097428940913,21668.52,0.01,129.21675567432519,1.02,3.678431372549018,5.0196216418203266,South Europe
FI,Finland,2021,110.45,2.54831154599869,33906.14,0.0,107.70533257435152,1.03,4.592803030303028,2.1516040923138524,North Europe
FR,France,2021,123.98,1.33331842600243,28649.83,0.0,122.34870220946634,1.01,6.311095866918204,4.286130808708255,West Europe
HU,Hungary,2021,208.04,6.30272339430066,10074.96,0.02,195.70524005140763,1.06,16.49680815320864,5.505691046693917,East Europe
IE,Ireland,2021,145.98,0.657643226323763,39930.32,0.0,145.02624472517317,1.01,8.277703604806398,2.800036351737556,
IS,Iceland,2021,177.57,5.99662119559468,47374.82,0.0,167.52420784463644,1.06,12.535648646935794,7.217223259130812,North Europe
IT,Italy,2021,103.0,0.538692422604536,23511.64,0.0,102.44811974184984,1.01,2.589641434262946,4.460475508592854,South Europe
LT,Lithuania,2021,163.84,6.50805313836133,11798.21,0.01,153.8287436229451,1.07,16.050432072531517,9.368560296711848,
LU,Luxembourg,2021,172.15,6.18129245488691,44934.82,0.0,162.12837122239884,1.06,13.91609317098994,1.2631179474975607,
LV,Latvia,2021,161.65,6.88144180390806,11229.49,0.01,151.24234597861624,1.07,10.89387391095562,14.74071303914235,
MT,Malta,2021,135.44,1.81051812738831,18292.5,0.01,133.03144163408882,1.02,5.106316933105681,-6.92213362913362,
NL,Netherlands,2021,164.21,2.52482146698544,40660.61,0.0,160.16609212324073,1.03,15.033274956217157,3.8774366825937934,West Europe
NO,Norway,2021,137.66,16.9113499819995,46935.39,0.0,117.74733592691823,1.17,9.158671001506624,10.345624497912187,North Europe
PL,Poland,2021,147.77,5.05250600239986,11134.57,0.01,140.66299379533535,1.05,9.16814420803782,-2.1252862297661435,East Europe
PT,Portugal,2021,168.84,1.39879177784729,13502.54,0.01,166.51085978411695,1.01,9.401930927233849,4.389325222906604,South Europe
SE,Sweden,2021,134.46,2.97615308956182,35485.73,0.0,130.57392023865526,1.03,10.11383179100811,6.350796663018321,North Europe
SI,Slovenia,2021,151.32,2.60708736010702,14601.22,0.01,147.47519288695085,1.03,11.543564794338778,5.069012340259871,
